{
  "_comment": "Material Colors generated with Matugen",
  
  "background": "#101510",
  
  "error": "#ffb4ab",
  
  "error_container": "#93000a",
  
  "inverse_on_surface": "#2d322c",
  
  "inverse_primary": "#34693f",
  
  "inverse_surface": "#dfe4dc",
  
  "on_background": "#dfe4dc",
  
  "on_error": "#690005",
  
  "on_error_container": "#ffdad6",
  
  "on_primary": "#003916",
  
  "on_primary_container": "#b6f1bc",
  
  "on_primary_fixed": "#00210a",
  
  "on_primary_fixed_variant": "#1a512a",
  
  "on_secondary": "#233425",
  
  "on_secondary_container": "#d3e8d2",
  
  "on_secondary_fixed": "#0e1f11",
  
  "on_secondary_fixed_variant": "#394b3b",
  
  "on_surface": "#dfe4dc",
  
  "on_surface_variant": "#c1c9be",
  
  "on_tertiary": "#00363e",
  
  "on_tertiary_container": "#bdeaf4",
  
  "on_tertiary_fixed": "#001f24",
  
  "on_tertiary_fixed_variant": "#204d55",
  
  "outline": "#8b9389",
  
  "outline_variant": "#414941",
  
  "primary": "#9ad4a1",
  
  "primary_container": "#1a512a",
  
  "primary_fixed": "#b6f1bc",
  
  "primary_fixed_dim": "#9ad4a1",
  
  "scrim": "#000000",
  
  "secondary": "#b7ccb6",
  
  "secondary_container": "#394b3b",
  
  "secondary_fixed": "#d3e8d2",
  
  "secondary_fixed_dim": "#b7ccb6",
  
  "shadow": "#000000",
  
  "source_color": "#345439",
  
  "surface": "#101510",
  
  "surface_bright": "#363a35",
  
  "surface_container": "#1c211c",
  
  "surface_container_high": "#262b26",
  
  "surface_container_highest": "#313631",
  
  "surface_container_low": "#181d18",
  
  "surface_container_lowest": "#0b0f0b",
  
  "surface_dim": "#101510",
  
  "surface_tint": "#9ad4a1",
  
  "surface_variant": "#414941",
  
  "tertiary": "#a1ced7",
  
  "tertiary_container": "#204d55",
  
  "tertiary_fixed": "#bdeaf4",
  
  "tertiary_fixed_dim": "#a1ced7"
  
}
